[{"fields": {"time_needed": 360, "stop_number": "1121124", "description": "Bussit S\u00f6rk\u00e4st\u00e4 pohjoosee"}, "model": "info_transportation.stop", "pk": 1}, {"fields": {"time_needed": 300, "stop_number": "1113129", "description": "Bussit S\u00f6rk\u00e4st\u00e4 etel\u00e4\u00e4n"}, "model": "info_transportation.stop", "pk": 2}, {"fields": {"time_needed": 120, "stop_number": "1113435", "description": "Ratikat etel\u00e4\u00e4n"}, "model": "info_transportation.stop", "pk": 3}, {"fields": {"time_needed": 300, "stop_number": "1121601", "description": "Metro pohjoiseen"}, "model": "info_transportation.stop", "pk": 4}, {"fields": {"time_needed": 300, "stop_number": "1121602", "description": "Metro etel\u00e4\u00e4n"}, "model": "info_transportation.stop", "pk": 5}, {"fields": {"time_needed": 600, "stop_number": "1220119", "description": "Junatie"}, "model": "info_transportation.stop", "pk": 6}, {"fields": {"show_days": "1111100", "show_start": "06:30:00", "description": "Senjan ty\u00f6bussi", "show_end": "10:00:00"}, "model": "info_transportation.lineshow", "pk": 1}, {"fields": {"show_days": "1111100", "show_start": "07:00:00", "description": "Ollin ty\u00f6matka", "show_end": "11:00:00"}, "model": "info_transportation.lineshow", "pk": 2}, {"fields": {"show_days": "1111100", "show_start": "15:00:00", "description": "Piikintielle arkisin", "show_end": "20:00:00"}, "model": "info_transportation.lineshow", "pk": 3}, {"fields": {"show_days": "0000011", "show_start": "09:00:00", "description": "Piikintielle viikonloppuisin", "show_end": "20:00:00"}, "model": "info_transportation.lineshow", "pk": 4}, {"fields": {"line_number": "62 ", "destination": "Pirkkola", "stop": 1, "line_number_raw": "1062  1", "raw": "1062  1:Pirkkola", "show_line": false, "show_times": [], "type": "bus", "icon": "bus"}, "model": "info_transportation.line", "pk": 1}, {"fields": {"line_number": "64(N)", "destination": "It\u00e4-Pakila", "stop": 1, "line_number_raw": "1064  1", "raw": "1064  1:It\u00e4-Pakila", "show_line": true, "show_times": [3, 4], "type": "bus", "icon": "bus"}, "model": "info_transportation.line", "pk": 2}, {"fields": {"line_number": "64(N)", "destination": "It\u00e4-Pakila", "stop": 1, "line_number_raw": "1064N 1", "raw": "1064N 1:It\u00e4-Pakila", "show_line": true, "show_times": [3, 4], "type": "bus", "icon": "bus"}, "model": "info_transportation.line", "pk": 3}, {"fields": {"line_number": "65A", "destination": "Ver\u00e4j\u00e4laakso", "stop": 1, "line_number_raw": "1065A 1", "raw": "1065A 1:Ver\u00e4j\u00e4laakso", "show_line": false, "show_times": [], "type": "bus", "icon": "bus"}, "model": "info_transportation.line", "pk": 4}, {"fields": {"line_number": "65N", "destination": "Ver\u00e4j\u00e4laakso", "stop": 1, "line_number_raw": "1065N 1", "raw": "1065N 1:Ver\u00e4j\u00e4laakso", "show_line": false, "show_times": [], "type": "bus", "icon": "bus"}, "model": "info_transportation.line", "pk": 5}, {"fields": {"line_number": "66 ", "destination": "L\u00e4nsi-Pakila", "stop": 1, "line_number_raw": "1066  1", "raw": "1066  1:L\u00e4nsi-Pakila", "show_line": false, "show_times": [], "type": "bus", "icon": "bus"}, "model": "info_transportation.line", "pk": 6}, {"fields": {"line_number": "66A", "destination": "L\u00e4nsi-Pakila", "stop": 1, "line_number_raw": "1066A 1", "raw": "1066A 1:L\u00e4nsi-Pakila", "show_line": false, "show_times": [], "type": "bus", "icon": "bus"}, "model": "info_transportation.line", "pk": 7}, {"fields": {"line_number": "67 ", "destination": "Torpparinm\u00e4ki", "stop": 1, "line_number_raw": "1067  1", "raw": "1067  1:Torpparinm\u00e4ki", "show_line": false, "show_times": [], "type": "bus", "icon": "bus"}, "model": "info_transportation.line", "pk": 8}, {"fields": {"line_number": "67N", "destination": "Torpparinm\u00e4ki", "stop": 1, "line_number_raw": "1067N 1", "raw": "1067N 1:Torpparinm\u00e4ki", "show_line": false, "show_times": [], "type": "bus", "icon": "bus"}, "model": "info_transportation.line", "pk": 9}, {"fields": {"line_number": "67V", "destination": "Torpparinm\u00e4ki", "stop": 1, "line_number_raw": "1067V 1", "raw": "1067V 1:Torpparinm\u00e4ki", "show_line": false, "show_times": [], "type": "bus", "icon": "bus"}, "model": "info_transportation.line", "pk": 10}, {"fields": {"line_number": "72 ", "destination": "Tapanila", "stop": 1, "line_number_raw": "1072  1", "raw": "1072  1:Tapanila", "show_line": false, "show_times": [], "type": "bus", "icon": "bus"}, "model": "info_transportation.line", "pk": 11}, {"fields": {"line_number": "72N", "destination": "Siltam\u00e4ki", "stop": 1, "line_number_raw": "1072N 1", "raw": "1072N 1:Siltam\u00e4ki", "show_line": false, "show_times": [], "type": "bus", "icon": "bus"}, "model": "info_transportation.line", "pk": 12}, {"fields": {"line_number": "516 ", "destination": "Martinlaakso, lait.1", "stop": 1, "line_number_raw": "4516  1", "raw": "4516  1:Martinlaakso, lait.1", "show_line": false, "show_times": [], "type": "bus", "icon": "bus"}, "model": "info_transportation.line", "pk": 13}, {"fields": {"line_number": "611 ", "destination": "Simonsilta", "stop": 1, "line_number_raw": "4611  1", "raw": "4611  1:Simonsilta", "show_line": false, "show_times": [], "type": "bus", "icon": "bus"}, "model": "info_transportation.line", "pk": 14}, {"fields": {"line_number": "612 ", "destination": "Kylm\u00e4oja", "stop": 1, "line_number_raw": "4612  1", "raw": "4612  1:Kylm\u00e4oja", "show_line": false, "show_times": [], "type": "bus", "icon": "bus"}, "model": "info_transportation.line", "pk": 15}, {"fields": {"line_number": "612K", "destination": "Kylm\u00e4oja", "stop": 1, "line_number_raw": "4612K 1", "raw": "4612K 1:Kylm\u00e4oja", "show_line": false, "show_times": [], "type": "bus", "icon": "bus"}, "model": "info_transportation.line", "pk": 16}, {"fields": {"line_number": "613 ", "destination": "Kylm\u00e4oja", "stop": 1, "line_number_raw": "4613  1", "raw": "4613  1:Kylm\u00e4oja", "show_line": false, "show_times": [], "type": "bus", "icon": "bus"}, "model": "info_transportation.line", "pk": 17}, {"fields": {"line_number": "615 ", "destination": "Lentoasema, T1, l. 2", "stop": 1, "line_number_raw": "4615  1", "raw": "4615  1:Lentoasema, T1, l. 2", "show_line": false, "show_times": [], "type": "bus", "icon": "bus"}, "model": "info_transportation.line", "pk": 18}, {"fields": {"line_number": "620 ", "destination": "Lentoasema, T1, l. 2", "stop": 1, "line_number_raw": "4620  1", "raw": "4620  1:Lentoasema, T1, l. 2", "show_line": false, "show_times": [], "type": "bus", "icon": "bus"}, "model": "info_transportation.line", "pk": 19}, {"fields": {"line_number": "623 ", "destination": "Rekolanm\u00e4ki", "stop": 1, "line_number_raw": "4623  1", "raw": "4623  1:Rekolanm\u00e4ki", "show_line": false, "show_times": [], "type": "bus", "icon": "bus"}, "model": "info_transportation.line", "pk": 20}, {"fields": {"line_number": "623Z", "destination": "Rekolanm\u00e4ki", "stop": 1, "line_number_raw": "4623Z 1", "raw": "4623Z 1:Rekolanm\u00e4ki", "show_line": false, "show_times": [], "type": "bus", "icon": "bus"}, "model": "info_transportation.line", "pk": 21}, {"fields": {"line_number": "650 ", "destination": "Yl\u00e4st\u00f6", "stop": 1, "line_number_raw": "4650  1", "raw": "4650  1:Yl\u00e4st\u00f6", "show_line": false, "show_times": [], "type": "bus", "icon": "bus"}, "model": "info_transportation.line", "pk": 22}, {"fields": {"line_number": "650A", "destination": "Vantaanpuisto", "stop": 1, "line_number_raw": "4650A 1", "raw": "4650A 1:Vantaanpuisto", "show_line": false, "show_times": [], "type": "bus", "icon": "bus"}, "model": "info_transportation.line", "pk": 23}, {"fields": {"line_number": "650K", "destination": "Yl\u00e4st\u00f6", "stop": 1, "line_number_raw": "4650K 1", "raw": "4650K 1:Yl\u00e4st\u00f6", "show_line": false, "show_times": [], "type": "bus", "icon": "bus"}, "model": "info_transportation.line", "pk": 24}, {"fields": {"line_number": "652 ", "destination": "Tuupakka", "stop": 1, "line_number_raw": "4652  1", "raw": "4652  1:Tuupakka", "show_line": false, "show_times": [], "type": "bus", "icon": "bus"}, "model": "info_transportation.line", "pk": 25}, {"fields": {"line_number": "652A", "destination": "Viinikanmets\u00e4", "stop": 1, "line_number_raw": "4652A 1", "raw": "4652A 1:Viinikanmets\u00e4", "show_line": false, "show_times": [], "type": "bus", "icon": "bus"}, "model": "info_transportation.line", "pk": 26}, {"fields": {"line_number": "632 ", "destination": "Kerava as., lait. 2", "stop": 1, "line_number_raw": "7632  1", "raw": "7632  1:Kerava as., lait. 2", "show_line": false, "show_times": [], "type": "bus", "icon": "bus"}, "model": "info_transportation.line", "pk": 27}, {"fields": {"line_number": "635 ", "destination": "Kerava as., lait. 2", "stop": 1, "line_number_raw": "7635  1", "raw": "7635  1:Kerava as., lait. 2", "show_line": false, "show_times": [], "type": "bus", "icon": "bus"}, "model": "info_transportation.line", "pk": 28}, {"fields": {"line_number": "635B", "destination": "Maantiekyl\u00e4", "stop": 1, "line_number_raw": "7635B 1", "raw": "7635B 1:Maantiekyl\u00e4", "show_line": false, "show_times": [], "type": "bus", "icon": "bus"}, "model": "info_transportation.line", "pk": 29}, {"fields": {"line_number": "635K", "destination": "Kerava as., lait. 2", "stop": 1, "line_number_raw": "7635K 1", "raw": "7635K 1:Kerava as., lait. 2", "show_line": false, "show_times": [], "type": "bus", "icon": "bus"}, "model": "info_transportation.line", "pk": 30}, {"fields": {"line_number": "633 ", "destination": "Keravan asema lait.3", "stop": 1, "line_number_raw": "9633  1", "raw": "9633  1:Keravan asema lait.3", "show_line": false, "show_times": [], "type": "bus", "icon": "bus"}, "model": "info_transportation.line", "pk": 31}, {"fields": {"line_number": "633A", "destination": "Virrenkulma", "stop": 1, "line_number_raw": "9633A 1", "raw": "9633A 1:Virrenkulma", "show_line": false, "show_times": [], "type": "bus", "icon": "bus"}, "model": "info_transportation.line", "pk": 32}, {"fields": {"line_number": "633N", "destination": "Sorsakorpi", "stop": 1, "line_number_raw": "9633N 1", "raw": "9633N 1:Sorsakorpi", "show_line": false, "show_times": [], "type": "bus", "icon": "bus"}, "model": "info_transportation.line", "pk": 33}, {"fields": {"line_number": "6/6T", "destination": "Hietalahti", "stop": 3, "line_number_raw": "1006  2", "raw": "1006  2:Hietalahti", "show_line": true, "show_times": [], "type": "tram", "icon": "train"}, "model": "info_transportation.line", "pk": 34}, {"fields": {"line_number": "6/6T", "destination": "Hietalahti", "stop": 3, "line_number_raw": "1006 42", "raw": "1006 42:Hietalahti", "show_line": true, "show_times": [], "type": "tram", "icon": "train"}, "model": "info_transportation.line", "pk": 35}, {"fields": {"line_number": "6/6T", "destination": "L\u00e4nsiterminaali", "stop": 3, "line_number_raw": "1006T 2", "raw": "1006T 2:L\u00e4nsiterminaali", "show_line": true, "show_times": [], "type": "tram", "icon": "train"}, "model": "info_transportation.line", "pk": 36}, {"fields": {"line_number": "6/6T", "destination": "L\u00e4nsiterminaali", "stop": 3, "line_number_raw": "1006T42", "raw": "1006T42:L\u00e4nsiterminaali", "show_line": true, "show_times": [], "type": "tram", "icon": "train"}, "model": "info_transportation.line", "pk": 37}, {"fields": {"line_number": "7A", "destination": "Senaatintori", "stop": 3, "line_number_raw": "1007A 2", "raw": "1007A 2:Senaatintori", "show_line": true, "show_times": [], "type": "tram", "icon": "train"}, "model": "info_transportation.line", "pk": 38}, {"fields": {"line_number": "7A", "destination": "Senaatintori", "stop": 3, "line_number_raw": "1007A42", "raw": "1007A42:Senaatintori", "show_line": true, "show_times": [], "type": "tram", "icon": "train"}, "model": "info_transportation.line", "pk": 39}, {"fields": {"line_number": "7A", "destination": "Rautatieasema", "stop": 3, "line_number_raw": "1007A92", "raw": "1007A92:Rautatieasema", "show_line": true, "show_times": [], "type": "tram", "icon": "train"}, "model": "info_transportation.line", "pk": 40}, {"fields": {"line_number": "62 ", "destination": "Rautatientori", "stop": 2, "line_number_raw": "1062  2", "raw": "1062  2:Rautatientori", "show_line": false, "show_times": [], "type": "bus", "icon": "bus"}, "model": "info_transportation.line", "pk": 41}, {"fields": {"line_number": "64(N)", "destination": "Rautatientori", "stop": 2, "line_number_raw": "1064  2", "raw": "1064  2:Rautatientori", "show_line": false, "show_times": [], "type": "bus", "icon": "bus"}, "model": "info_transportation.line", "pk": 42}, {"fields": {"line_number": "64(N)", "destination": "Rautatientori", "stop": 2, "line_number_raw": "1064N 2", "raw": "1064N 2:Rautatientori", "show_line": false, "show_times": [], "type": "bus", "icon": "bus"}, "model": "info_transportation.line", "pk": 43}, {"fields": {"line_number": "65A/66A", "destination": "Lauttasaari", "stop": 2, "line_number_raw": "1065A 2", "raw": "1065A 2:Lauttasaari", "show_line": true, "show_times": [2], "type": "bus", "icon": "bus"}, "model": "info_transportation.line", "pk": 44}, {"fields": {"line_number": "65N", "destination": "Rautatientori", "stop": 2, "line_number_raw": "1065N 2", "raw": "1065N 2:Rautatientori", "show_line": false, "show_times": [], "type": "bus", "icon": "bus"}, "model": "info_transportation.line", "pk": 45}, {"fields": {"line_number": "66 ", "destination": "Rautatientori", "stop": 2, "line_number_raw": "1066  2", "raw": "1066  2:Rautatientori", "show_line": false, "show_times": [], "type": "bus", "icon": "bus"}, "model": "info_transportation.line", "pk": 46}, {"fields": {"line_number": "65A/66A", "destination": "Lauttasaari", "stop": 2, "line_number_raw": "1066A 2", "raw": "1066A 2:Lauttasaari", "show_line": true, "show_times": [2], "type": "bus", "icon": "bus"}, "model": "info_transportation.line", "pk": 47}, {"fields": {"line_number": "67 ", "destination": "Rautatientori", "stop": 2, "line_number_raw": "1067  2", "raw": "1067  2:Rautatientori", "show_line": false, "show_times": [], "type": "bus", "icon": "bus"}, "model": "info_transportation.line", "pk": 48}, {"fields": {"line_number": "72 ", "destination": "Rautatientori", "stop": 2, "line_number_raw": "1072  2", "raw": "1072  2:Rautatientori", "show_line": false, "show_times": [], "type": "bus", "icon": "bus"}, "model": "info_transportation.line", "pk": 49}, {"fields": {"line_number": "Ruoholahti", "destination": "It\u00e4keskus", "stop": 4, "line_number_raw": "1300  1", "raw": "1300  1:It\u00e4keskus", "show_line": true, "show_times": [], "type": "metro", "icon": "train"}, "model": "info_transportation.line", "pk": 50}, {"fields": {"line_number": "Mellunm\u00e4ki", "destination": "Mellunm\u00e4ki", "stop": 4, "line_number_raw": "1300M 1", "raw": "1300M 1:Mellunm\u00e4ki", "show_line": true, "show_times": [], "type": "metro", "icon": "train"}, "model": "info_transportation.line", "pk": 51}, {"fields": {"line_number": "Vuosaari", "destination": "Vuosaari", "stop": 4, "line_number_raw": "1300V 1", "raw": "1300V 1:Vuosaari", "show_line": true, "show_times": [], "type": "metro", "icon": "train"}, "model": "info_transportation.line", "pk": 52}, {"fields": {"line_number": "Ruoholahti", "destination": "Ruoholahti", "stop": 5, "line_number_raw": "1300  2", "raw": "1300  2:Ruoholahti", "show_line": true, "show_times": [], "type": "metro", "icon": "train"}, "model": "info_transportation.line", "pk": 53}, {"fields": {"line_number": "Ruoholahti", "destination": "Ruoholahti", "stop": 5, "line_number_raw": "1300M 2", "raw": "1300M 2:Ruoholahti", "show_line": true, "show_times": [], "type": "metro", "icon": "train"}, "model": "info_transportation.line", "pk": 54}, {"fields": {"line_number": "Ruoholahti", "destination": "Ruoholahti", "stop": 5, "line_number_raw": "1300V 2", "raw": "1300V 2:Ruoholahti", "show_line": true, "show_times": [], "type": "metro", "icon": "train"}, "model": "info_transportation.line", "pk": 55}, {"fields": {"line_number": "50", "destination": "Suursuo", "stop": 6, "line_number_raw": "1050  1", "raw": "1050  1:Suursuo", "show_line": true, "show_times": [1], "type": "bus", "icon": "bus"}, "model": "info_transportation.line", "pk": 56}, {"fields": {"line_number": "59", "destination": "Pajam\u00e4ki", "stop": 6, "line_number_raw": "1059  1", "raw": "1059  1:Pajam\u00e4ki", "show_line": false, "show_times": [], "type": "bus", "icon": "bus"}, "model": "info_transportation.line", "pk": 57}, {"fields": {"line_number": "505", "destination": "Kuitinm\u00e4ki", "stop": 6, "line_number_raw": "2505  1", "raw": "2505  1:Kuitinm\u00e4ki", "show_line": false, "show_times": [], "type": "bus", "icon": "bus"}, "model": "info_transportation.line", "pk": 58}, {"fields": {"line": 34, "last_updated": "2015-03-04T19:10:07Z", "time": "2015-03-04T21:07:00Z"}, "model": "info_transportation.data", "pk": 5816}, {"fields": {"line": 52, "last_updated": "2015-03-04T19:30:13Z", "time": "2015-03-04T21:07:00Z"}, "model": "info_transportation.data", "pk": 5826}, {"fields": {"line": 55, "last_updated": "2015-03-04T19:30:14Z", "time": "2015-03-04T21:06:00Z"}, "model": "info_transportation.data", "pk": 5827}, {"fields": {"line": 51, "last_updated": "2015-03-04T19:35:08Z", "time": "2015-03-04T21:12:00Z"}, "model": "info_transportation.data", "pk": 5828}, {"fields": {"line": 54, "last_updated": "2015-03-04T19:35:10Z", "time": "2015-03-04T21:11:00Z"}, "model": "info_transportation.data", "pk": 5829}, {"fields": {"line": 52, "last_updated": "2015-03-04T19:40:11Z", "time": "2015-03-04T21:17:00Z"}, "model": "info_transportation.data", "pk": 5831}, {"fields": {"line": 55, "last_updated": "2015-03-04T19:40:13Z", "time": "2015-03-04T21:16:00Z"}, "model": "info_transportation.data", "pk": 5832}, {"fields": {"line": 51, "last_updated": "2015-03-04T19:45:10Z", "time": "2015-03-04T21:22:00Z"}, "model": "info_transportation.data", "pk": 5833}, {"fields": {"line": 54, "last_updated": "2015-03-04T19:45:12Z", "time": "2015-03-04T21:21:00Z"}, "model": "info_transportation.data", "pk": 5834}, {"fields": {"line": 52, "last_updated": "2015-03-04T19:50:10Z", "time": "2015-03-04T21:27:00Z"}, "model": "info_transportation.data", "pk": 5835}, {"fields": {"line": 55, "last_updated": "2015-03-04T19:50:12Z", "time": "2015-03-04T21:26:00Z"}, "model": "info_transportation.data", "pk": 5836}, {"fields": {"line": 51, "last_updated": "2015-03-04T19:55:09Z", "time": "2015-03-04T21:32:00Z"}, "model": "info_transportation.data", "pk": 5838}]